{
    "bool": [true,false,true,false,true,false,true,false,true,false],
    "string": ["Hello, Outlaw!","Hello, Outlaw!","Hello, Outlaw!","Hello, Outlaw!","Hello, Outlaw!","Hello, Outlaw!","Hello, Outlaw!","Hello, Outlaw!","Hello, Outlaw!","Hello, Outlaw!"],
    "character": ["O","O","O","O","O","O","O","O","O","O"],
    "float": [3.14,3.14,3.14,3.14,3.14,3.14,3.14,3.14,3.14,3.14],
    "double": [3.14159265359,3.14159265359,3.14159265359,3.14159265359,3.14159265359,3.14159265359,3.14159265359,3.14159265359,3.14159265359,3.14159265359],
    "int": [-3,-3,-3,-3,-3,-3,-3,-3,-3,-3],
    "int8": [-8,-8,-8,-8,-8,-8,-8,-8,-8,-8],
    "int16": [-16,-16,-16,-16,-16,-16,-16,-16,-16,-16],
    "int32": [-32,-32,-32,-32,-32,-32,-32,-32,-32,-32],
    "int64": [-64,-64,-64,-64,-64,-64,-64,-64,-64,-64],
    "uint": [3,3,3,3,3,3,3,3,3,3],
    "uint8": [8,8,8,8,8,8,8,8,8,8],
    "uint16": [16,16,16,16,16,16,16,16,16,16],
    "uint32": [32,32,32,32,32,32,32,32,32,32],
    "uint64": [64,64,64,64,64,64,64,64,64,64],
    "object": {
        "bool": [true,false,true,false,true,false,true,false,true,false],
        "string": ["Hello, Outlaw!","Hello, Outlaw!","Hello, Outlaw!","Hello, Outlaw!","Hello, Outlaw!","Hello, Outlaw!","Hello, Outlaw!","Hello, Outlaw!","Hello, Outlaw!","Hello, Outlaw!"],
        "character": ["O","O","O","O","O","O","O","O","O","O"],
        "float": [3.14,3.14,3.14,3.14,3.14,3.14,3.14,3.14,3.14,3.14],
        "double": [3.14159265359,3.14159265359,3.14159265359,3.14159265359,3.14159265359,3.14159265359,3.14159265359,3.14159265359,3.14159265359,3.14159265359],
        "int": [-3,-3,-3,-3,-3,-3,-3,-3,-3,-3],
        "int8": [-8,-8,-8,-8,-8,-8,-8,-8,-8,-8],
        "int16": [-16,-16,-16,-16,-16,-16,-16,-16,-16,-16],
        "int32": [-32,-32,-32,-32,-32,-32,-32,-32,-32,-32],
        "int64": [-64,-64,-64,-64,-64,-64,-64,-64,-64,-64],
        "uint": [3,3,3,3,3,3,3,3,3,3],
        "uint8": [8,8,8,8,8,8,8,8,8,8],
        "uint16": [16,16,16,16,16,16,16,16,16,16],
        "uint32": [32,32,32,32,32,32,32,32,32,32],
        "uint64": [64,64,64,64,64,64,64,64,64,64]
    }
}
